"","TAXON","ORDER","FAMILY","HYP","LOP","FCT_HOD","FCT_AL","FCT_OL","FCT_SF","FCT_OT","FCT_CM","last_checked","last_update","FaName"
"1","Antilocapra americana","Artiodactyla ","Antilocapridae ",3,2,1,0,1,0,0,0,NA,NA,"Antilocapra_americana"
"2","Addax nasomaculatus      ","Artiodactyla    ","Bovidae ",3,2,1,0,1,1,0,0,NA,NA,"Addax_nasomaculatus      "
"3","Aepyceros melampus","Artiodactyla","Bovidae",3,2,1,0,1,0,0,0,NA,NA,"Aepyceros_melampus"
"4","Alcelaphus buselaphus","Artiodactyla","Bovidae",3,2,1,0,1,0,1,0,NA,NA,"Alcelaphus_buselaphus"
"5","Alcelaphus caama","Artiodactyla","Bovidae",3,NA,1,0,1,0,1,0,NA,NA,"Alcelaphus_caama"
"6","Alcelaphus lichtensteinii","Artiodactyla","Bovidae",3,2,1,0,1,0,1,0,NA,NA,"Alcelaphus_lichtensteinii"
"7","Ammodorcas clarkei","Artiodactyla","Bovidae",1,2,1,0,1,0,0,0,NA,NA,"Ammodorcas_clarkei"
"8","Ammotragus lervia","Artiodactyla","Bovidae",3,2,1,0,1,0,0,0,NA,NA,"Ammotragus_lervia"
"9","Antidorcas marsupialis","Artiodactyla","Bovidae",3,2,1,0,1,0,0,0,NA,NA,"Antidorcas_marsupialis"
"10","Antilope cervicapra","Artiodactyla","Bovidae",3,2,1,0,1,0,0,0,NA,NA,"Antilope_cervicapra"
"11","Beatragus hunteri","Artiodactyla","Bovidae",3,2,1,0,1,0,1,0,NA,NA,"Beatragus_hunteri"
"12","Bison bison","Artiodactyla","Bovidae",3,2,1,0,1,0,1,0,NA,NA,"Bison_bison"
"13","Bison bonasus","Artiodactyla","Bovidae",3,2,1,0,1,0,1,0,NA,NA,"Bison_bonasus"
"14","Bos frontalis","Artiodactyla","Bovidae",3,2,1,0,1,0,1,1,NA,NA,"Bos_frontalis"
"15","Bos grunniens","Artiodactyla","Bovidae",3,2,1,0,1,0,1,1,NA,NA,"Bos_grunniens"
"16","Bos javanicus","Artiodactyla","Bovidae",3,2,1,0,1,0,1,1,NA,NA,"Bos_javanicus"
"17","Bos sauveli","Artiodactyla","Bovidae",3,2,1,0,1,0,1,1,NA,NA,"Bos_sauveli"
"18","Bos taurus","Artiodactyla","Bovidae",3,2,1,0,1,0,1,1,NA,NA,"Bos_taurus"
"19","Boselaphus tragocamelus","Artiodactyla","Bovidae",3,2,1,0,1,0,0,0,NA,NA,"Boselaphus_tragocamelus"
"20","Bubalus bubalis","Artiodactyla","Bovidae",3,2,1,0,1,0,1,1,NA,NA,"Bubalus_bubalis"
"21","Bubalus depressicornis","Artiodactyla","Bovidae",3,2,1,0,1,0,1,1,NA,NA,"Bubalus_depressicornis"
"22","Bubalus mindorensis","Artiodactyla","Bovidae",3,2,1,0,1,0,1,1,NA,NA,"Bubalus_mindorensis"
"23","Bubalus quarlesi","Artiodactyla","Bovidae",3,2,1,0,1,0,1,1,NA,NA,"Bubalus_quarlesi"
"24","Budorcas taxicolor","Artiodactyla","Bovidae",3,2,1,0,1,0,0,0,NA,NA,"Budorcas_taxicolor"
"25","Capra caucasica","Artiodactyla","Bovidae",3,2,1,0,1,0,0,0,NA,NA,"Capra_caucasica"
"26","Capra cylindricornis","Artiodactyla","Bovidae",3,NA,1,0,1,0,0,0,NA,NA,"Capra_cylindricornis"
"27","Capra falconeri","Artiodactyla","Bovidae",3,2,1,0,1,0,0,0,NA,NA,"Capra_falconeri"
"28","Capra hircus","Artiodactyla","Bovidae",3,2,1,0,1,0,0,0,NA,NA,"Capra_hircus"
"29","Capra ibex","Artiodactyla","Bovidae",3,2,1,0,1,0,0,0,NA,NA,"Capra_ibex"
"30","Capra nubiana","Artiodactyla","Bovidae",3,2,1,0,1,0,0,0,NA,NA,"Capra_nubiana"
"31","Capra pyrenaica","Artiodactyla","Bovidae",3,2,1,0,1,0,0,0,NA,NA,"Capra_pyrenaica"
"32","Capra sibirica","Artiodactyla","Bovidae",3,2,1,0,1,0,0,0,NA,NA,"Capra_sibirica"
"33","Capra walie","Artiodactyla","Bovidae",3,2,1,0,1,0,0,0,NA,NA,"Capra_walie"
"34","Capricornis crispus","Artiodactyla","Bovidae",3,2,1,0,1,0,0,0,NA,NA,"Capricornis_crispus"
"35","Capricornis milneedwardsii","Artiodactyla","Bovidae",3,NA,1,0,1,0,0,0,NA,NA,"Capricornis_milneedwardsii"
"36","Capricornis rubidus","Artiodactyla","Bovidae",3,NA,1,0,1,0,0,0,NA,NA,"Capricornis_rubidus"
"37","Capricornis sumatraensis","Artiodactyla","Bovidae",3,2,1,0,1,0,0,0,NA,NA,"Capricornis_sumatraensis"
"38","Capricornis swinhoei","Artiodactyla","Bovidae",2,2,1,0,1,0,0,0,NA,NA,"Capricornis_swinhoei"
"39","Capricornis thar","Artiodactyla","Bovidae",3,NA,1,0,1,0,0,0,NA,NA,"Capricornis_thar"
"40","Cephalophus adersi","Artiodactyla","Bovidae",2,2,1,0,1,1,0,0,NA,NA,"Cephalophus_adersi"
"41","Cephalophus brookei","Artiodactyla","Bovidae",2,NA,1,0,1,1,0,0,NA,NA,"Cephalophus_brookei"
"42","Cephalophus callipygus","Artiodactyla","Bovidae",2,2,1,0,1,1,0,0,NA,NA,"Cephalophus_callipygus"
"43","Cephalophus dorsalis","Artiodactyla","Bovidae",2,2,1,0,1,1,0,0,NA,NA,"Cephalophus_dorsalis"
"44","Cephalophus harveyi","Artiodactyla","Bovidae",2,2,1,0,1,1,0,0,NA,NA,"Cephalophus_harveyi"
"45","Cephalophus jentinki","Artiodactyla","Bovidae",2,2,1,0,1,1,0,0,NA,NA,"Cephalophus_jentinki"
"46","Cephalophus leucogaster","Artiodactyla","Bovidae",2,2,1,0,1,1,0,0,NA,NA,"Cephalophus_leucogaster"
"47","Cephalophus maxwellii","Artiodactyla","Bovidae",1,NA,1,0,1,0,0,0,NA,NA,"Cephalophus_maxwellii"
"48","Cephalophus natalensis","Artiodactyla","Bovidae",2,2,1,0,1,1,0,0,NA,NA,"Cephalophus_natalensis"
"49","Cephalophus niger","Artiodactyla","Bovidae",2,2,1,0,1,1,0,0,NA,NA,"Cephalophus_niger"
"50","Cephalophus nigrifrons","Artiodactyla","Bovidae",2,2,1,0,1,1,0,0,NA,NA,"Cephalophus_nigrifrons"
"51","Cephalophus ogilbyi","Artiodactyla","Bovidae",2,2,1,0,1,1,0,0,NA,NA,"Cephalophus_ogilbyi"
"52","Cephalophus rufilatus","Artiodactyla","Bovidae",2,2,1,0,1,1,0,0,NA,NA,"Cephalophus_rufilatus"
"53","Cephalophus silvicultor","Artiodactyla","Bovidae",2,2,1,0,1,1,0,0,NA,NA,"Cephalophus_silvicultor"
"54","Cephalophus spadix","Artiodactyla","Bovidae",2,2,1,0,1,1,0,0,NA,NA,"Cephalophus_spadix"
"55","Cephalophus weynsi","Artiodactyla","Bovidae",2,2,1,0,1,1,0,0,NA,NA,"Cephalophus_weynsi"
"56","Cephalophus zebra","Artiodactyla","Bovidae",2,2,1,0,1,1,0,0,NA,NA,"Cephalophus_zebra"
"57","Connochaetes gnou","Artiodactyla","Bovidae",3,2,1,0,1,0,1,0,NA,NA,"Connochaetes_gnou"
"58","Connochaetes taurinus","Artiodactyla","Bovidae",3,2,1,0,1,0,1,0,NA,NA,"Connochaetes_taurinus"
"59","Damaliscus korrigum","Artiodactyla","Bovidae",3,2,1,0,1,0,1,0,NA,NA,"Damaliscus_korrigum"
"60","Damaliscus lunatus","Artiodactyla","Bovidae",3,2,1,0,1,0,1,0,NA,NA,"Damaliscus_lunatus"
"61","Damaliscus pygargus","Artiodactyla","Bovidae",3,2,1,0,1,0,1,0,NA,NA,"Damaliscus_pygargus"
"62","Damaliscus superstes","Artiodactyla","Bovidae",3,NA,1,0,1,0,1,0,NA,NA,"Damaliscus_superstes"
"63","Dorcatragus megalotis","Artiodactyla","Bovidae",3,2,1,0,1,0,0,0,NA,NA,"Dorcatragus_megalotis"
"64","Eudorcas rufifrons","Artiodactyla","Bovidae",3,2,1,0,1,0,0,0,NA,NA,"Eudorcas_rufifrons"
"65","Eudorcas rufina","Artiodactyla","Bovidae",3,2,1,0,1,0,0,0,NA,NA,"Eudorcas_rufina"
"66","Eudorcas thomsonii","Artiodactyla","Bovidae",3,2,1,0,1,0,0,0,NA,NA,"Eudorcas_thomsonii"
"67","Gazella arabica","Artiodactyla","Bovidae",3,2,1,0,1,0,0,0,NA,NA,"Gazella_arabica"
"68","Gazella bennettii","Artiodactyla","Bovidae",3,2,1,0,1,0,0,0,NA,NA,"Gazella_bennettii"
"69","Gazella cuvieri","Artiodactyla","Bovidae",2,2,1,0,1,0,0,0,NA,NA,"Gazella_cuvieri"
"70","Gazella dorcas","Artiodactyla","Bovidae",3,2,1,0,1,0,0,0,NA,NA,"Gazella_dorcas"
"71","Gazella erlangeri","Artiodactyla","Bovidae",3,NA,1,0,1,0,0,0,NA,NA,"Gazella_erlangeri"
"72","Gazella gazella","Artiodactyla","Bovidae",2,2,1,0,1,0,0,0,NA,NA,"Gazella_gazella"
"73","Gazella leptoceros","Artiodactyla","Bovidae",3,2,1,0,1,0,0,0,NA,NA,"Gazella_leptoceros"
"74","Gazella saudiya","Artiodactyla","Bovidae",3,2,1,0,1,0,0,0,NA,NA,"Gazella_saudiya"
"75","Gazella spekei","Artiodactyla","Bovidae",3,2,1,0,1,0,0,0,NA,NA,"Gazella_spekei"
"76","Gazella subgutturosa","Artiodactyla","Bovidae",3,2,1,0,1,0,0,0,NA,NA,"Gazella_subgutturosa"
"77","Hemitragus hylocrius","Artiodactyla","Bovidae",3,2,1,0,1,0,0,0,NA,NA,"Hemitragus_hylocrius"
"78","Hemitragus jayakari","Artiodactyla","Bovidae",3,2,1,0,1,0,0,0,NA,NA,"Hemitragus_jayakari"
"79","Hemitragus jemlahicus","Artiodactyla","Bovidae",3,2,1,0,1,0,0,0,NA,NA,"Hemitragus_jemlahicus"
"80","Hippotragus equinus","Artiodactyla","Bovidae",3,2,1,0,1,1,0,0,NA,NA,"Hippotragus_equinus"
"81","Hippotragus leucophaeus","Artiodactyla","Bovidae",3,2,1,0,1,1,0,0,NA,NA,"Hippotragus_leucophaeus"
"82","Hippotragus niger","Artiodactyla","Bovidae",3,2,1,0,1,1,0,0,NA,NA,"Hippotragus_niger"
"83","Kobus ellipsiprymnus","Artiodactyla","Bovidae",3,2,1,0,1,1,0,0,NA,NA,"Kobus_ellipsiprymnus"
"84","Kobus kob","Artiodactyla","Bovidae",3,2,1,0,1,1,0,1,NA,NA,"Kobus_kob"
"85","Kobus leche","Artiodactyla","Bovidae",3,2,1,0,1,1,0,1,NA,NA,"Kobus_leche"
"86","Kobus megaceros","Artiodactyla","Bovidae",3,2,1,0,1,1,0,0,NA,NA,"Kobus_megaceros"
"87","Kobus vardonii","Artiodactyla","Bovidae",3,2,1,0,1,1,0,0,NA,NA,"Kobus_vardonii"
"88","Litocranius walleri","Artiodactyla","Bovidae",2,2,1,0,1,0,0,0,NA,NA,"Litocranius_walleri"
"89","Madoqua guentheri","Artiodactyla","Bovidae",2,2,1,0,1,0,0,0,NA,NA,"Madoqua_guentheri"
"90","Madoqua kirkii","Artiodactyla","Bovidae",2,2,1,0,1,0,0,0,NA,NA,"Madoqua_kirkii"
"91","Madoqua piacentinii","Artiodactyla","Bovidae",2,2,1,0,1,0,0,0,NA,NA,"Madoqua_piacentinii"
"92","Madoqua saltiana","Artiodactyla","Bovidae",2,2,1,0,1,0,0,0,NA,NA,"Madoqua_saltiana"
"93","Naemorhedus baileyi","Artiodactyla","Bovidae",3,2,1,0,1,0,0,0,NA,NA,"Naemorhedus_baileyi"
"94","Naemorhedus caudatus","Artiodactyla","Bovidae",3,2,1,0,1,0,0,0,NA,NA,"Naemorhedus_caudatus"
"95","Naemorhedus goral","Artiodactyla","Bovidae",3,2,1,0,1,0,0,0,NA,NA,"Naemorhedus_goral"
"96","Naemorhedus griseus","Artiodactyla","Bovidae",3,NA,1,0,1,0,0,0,NA,NA,"Naemorhedus_griseus"
"97","Naemorhedus sumatraensis","Artiodactyla","Bovidae",3,NA,1,0,1,0,0,0,NA,NA,"Naemorhedus_sumatraensis"
"98","Nanger dama","Artiodactyla","Bovidae",3,2,1,0,1,0,0,0,NA,NA,"Nanger_dama"
"99","Nanger granti","Artiodactyla","Bovidae",3,2,1,0,1,0,0,0,NA,NA,"Nanger_granti"
"100","Nanger soemmerringii","Artiodactyla","Bovidae",3,2,1,0,1,0,0,0,NA,NA,"Nanger_soemmerringii"
"101","Neotragus batesi","Artiodactyla","Bovidae",2,2,1,0,1,0,0,0,NA,NA,"Neotragus_batesi"
"102","Neotragus moschatus","Artiodactyla","Bovidae",2,2,1,0,1,0,0,0,NA,NA,"Neotragus_moschatus"
"103","Neotragus pygmaeus","Artiodactyla","Bovidae",2,2,1,0,1,0,0,0,NA,NA,"Neotragus_pygmaeus"
"104","Oreamnos americanus","Artiodactyla","Bovidae",3,2,1,0,1,0,0,0,NA,NA,"Oreamnos_americanus"
"105","Oreotragus oreotragus","Artiodactyla","Bovidae",3,2,1,0,1,0,0,0,NA,NA,"Oreotragus_oreotragus"
"106","Oryx beisa","Artiodactyla","Bovidae",3,2,1,0,1,1,1,0,NA,NA,"Oryx_beisa"
"107","Oryx dammah","Artiodactyla","Bovidae",3,2,1,0,1,1,0,0,NA,NA,"Oryx_dammah"
"108","Oryx gazella","Artiodactyla","Bovidae",3,2,1,0,1,1,0,0,NA,NA,"Oryx_gazella"
"109","Oryx leucoryx","Artiodactyla","Bovidae",3,2,1,0,1,1,0,0,NA,NA,"Oryx_leucoryx"
"110","Ourebia ourebi","Artiodactyla","Bovidae",3,2,1,0,1,0,0,0,NA,NA,"Ourebia_ourebi"
"111","Ovibos moschatus","Artiodactyla","Bovidae",3,2,1,0,1,0,0,0,NA,NA,"Ovibos_moschatus"
"112","Ovis ammon","Artiodactyla","Bovidae",3,2,1,0,1,0,0,0,NA,NA,"Ovis_ammon"
"113","Ovis aries","Artiodactyla","Bovidae",3,2,1,0,1,0,0,0,NA,NA,"Ovis_aries"
"114","Ovis canadensis","Artiodactyla","Bovidae",3,2,1,0,1,0,0,0,NA,NA,"Ovis_canadensis"
"115","Ovis dalli","Artiodactyla","Bovidae",3,2,1,0,1,0,0,0,NA,NA,"Ovis_dalli"
"116","Ovis nivicola","Artiodactyla","Bovidae",3,2,1,0,1,0,0,0,NA,NA,"Ovis_nivicola"
"117","Pantholops hodgsonii","Artiodactyla","Bovidae",3,2,1,0,1,0,0,0,NA,NA,"Pantholops_hodgsonii"
"118","Pelea capreolus","Artiodactyla","Bovidae",3,2,1,0,1,1,0,0,NA,NA,"Pelea_capreolus"
"119","Philantomba maxwellii","Artiodactyla","Bovidae",1,2,1,0,1,0,0,0,NA,NA,"Philantomba_maxwellii"
"120","Philantomba monticola","Artiodactyla","Bovidae",1,2,1,0,1,0,0,0,NA,NA,"Philantomba_monticola"
"121","Procapra gutturosa","Artiodactyla","Bovidae",3,2,1,0,1,0,0,0,NA,NA,"Procapra_gutturosa"
"122","Procapra picticaudata","Artiodactyla","Bovidae",3,2,1,0,1,0,0,0,NA,NA,"Procapra_picticaudata"
"123","Procapra przewalskii","Artiodactyla","Bovidae",3,2,1,0,1,0,0,0,NA,NA,"Procapra_przewalskii"
"124","Pseudois nayaur","Artiodactyla","Bovidae",3,2,1,0,1,0,0,0,NA,NA,"Pseudois_nayaur"
"125","Pseudois schaeferi","Artiodactyla","Bovidae",3,2,1,0,1,0,0,0,NA,NA,"Pseudois_schaeferi"
"126","Pseudoryx nghetinhensis","Artiodactyla","Bovidae",NA,NA,NA,NA,NA,NA,NA,NA,NA,NA,"Pseudoryx_nghetinhensis"
"127","Raphicerus campestris","Artiodactyla","Bovidae",3,2,1,0,1,0,0,0,NA,NA,"Raphicerus_campestris"
"128","Raphicerus melanotis","Artiodactyla","Bovidae",3,2,1,0,1,0,0,0,NA,NA,"Raphicerus_melanotis"
"129","Raphicerus sharpei","Artiodactyla","Bovidae",3,2,1,0,1,0,0,0,NA,NA,"Raphicerus_sharpei"
"130","Redunca arundinum","Artiodactyla","Bovidae",3,2,1,0,1,1,0,1,NA,NA,"Redunca_arundinum"
"131","Redunca fulvorufula","Artiodactyla","Bovidae",3,2,1,0,1,1,0,1,NA,NA,"Redunca_fulvorufula"
"132","Redunca redunca","Artiodactyla","Bovidae",3,2,1,0,1,1,0,1,NA,NA,"Redunca_redunca"
"133","Rupicapra pyrenaica","Artiodactyla","Bovidae",3,2,1,0,1,0,0,0,NA,NA,"Rupicapra_pyrenaica"
"134","Rupicapra rupicapra","Artiodactyla","Bovidae",3,2,1,0,1,0,0,0,NA,NA,"Rupicapra_rupicapra"
"135","Saiga borealis","Artiodactyla","Bovidae",3,NA,1,0,1,0,0,0,NA,NA,"Saiga_borealis"
"136","Saiga tatarica","Artiodactyla","Bovidae",3,2,1,0,1,0,0,0,NA,NA,"Saiga_tatarica"
"137","Sylvicapra grimmia","Artiodactyla","Bovidae",2,2,1,0,1,0,0,0,NA,NA,"Sylvicapra_grimmia"
"138","Syncerus caffer","Artiodactyla","Bovidae",3,2,1,0,1,0,1,0,NA,NA,"Syncerus_caffer"
"139","Taurotragus derbianus","Artiodactyla","Bovidae",3,2,1,0,1,0,0,0,NA,NA,"Taurotragus_derbianus"
"140","Taurotragus oryx","Artiodactyla","Bovidae",3,2,1,0,1,0,0,0,NA,NA,"Taurotragus_oryx"
"141","Tetracerus quadricornis","Artiodactyla","Bovidae",3,2,1,0,1,0,0,0,NA,NA,"Tetracerus_quadricornis"
"142","Tragelaphus angasii","Artiodactyla","Bovidae",2,2,1,0,1,0,0,0,NA,NA,"Tragelaphus_angasii"
"143","Tragelaphus buxtoni","Artiodactyla","Bovidae",1,2,1,0,1,0,0,0,NA,NA,"Tragelaphus_buxtoni"
"144","Tragelaphus eurycerus","Artiodactyla","Bovidae",2,2,1,0,1,0,0,0,NA,NA,"Tragelaphus_eurycerus"
"145","Tragelaphus imberbis","Artiodactyla","Bovidae",2,2,1,0,1,0,0,0,NA,NA,"Tragelaphus_imberbis"
"146","Tragelaphus scriptus","Artiodactyla","Bovidae",2,2,1,0,1,0,0,0,NA,NA,"Tragelaphus_scriptus"
"147","Tragelaphus spekii","Artiodactyla","Bovidae",2,2,1,0,1,0,0,0,NA,NA,"Tragelaphus_spekii"
"148","Tragelaphus strepsiceros","Artiodactyla","Bovidae",2,2,1,0,1,0,0,0,NA,NA,"Tragelaphus_strepsiceros"
"149","Camelus bactrianus","Artiodactyla","Camelidae",3,2,1,0,1,0,0,0,NA,NA,"Camelus_bactrianus"
"150","Camelus dromedarius","Artiodactyla","Camelidae",3,2,1,0,1,0,0,0,NA,NA,"Camelus_dromedarius"
"151","Lama glama","Artiodactyla","Camelidae",3,2,1,0,1,0,0,0,NA,NA,"Lama_glama"
"152","Lama guanicoe","Artiodactyla","Camelidae",3,NA,1,0,1,0,0,0,NA,NA,"Lama_guanicoe"
"153","Lama pacos","Artiodactyla","Camelidae",3,NA,1,0,1,0,0,0,NA,NA,"Lama_pacos"
"154","Vicugna vicugna","Artiodactyla","Camelidae",3,2,1,0,1,0,0,0,NA,NA,"Vicugna_vicugna"
"155","Alces alces","Artiodactyla","Cervidae",1,2,1,0,1,0,0,0,NA,NA,"Alces_alces"
"156","Alces americanus","Artiodactyla","Cervidae",1,NA,1,0,1,0,0,0,NA,NA,"Alces_americanus"
"157","Axis axis","Artiodactyla","Cervidae",2,2,1,0,1,1,0,0,NA,NA,"Axis_axis"
"158","Axis calamianensis","Artiodactyla","Cervidae",2,2,1,0,1,1,0,0,NA,NA,"Axis_calamianensis"
"159","Axis kuhlii","Artiodactyla","Cervidae",2,2,1,0,1,1,0,0,NA,NA,"Axis_kuhlii"
"160","Axis porcinus","Artiodactyla","Cervidae",2,2,1,0,1,1,0,0,NA,NA,"Axis_porcinus"
"161","Blastocerus dichotomus","Artiodactyla","Cervidae",1,2,1,0,1,0,0,0,NA,NA,"Blastocerus_dichotomus"
"162","Capreolus capreolus","Artiodactyla","Cervidae",1,2,1,0,1,0,0,0,NA,NA,"Capreolus_capreolus"
"163","Capreolus pygargus","Artiodactyla","Cervidae",1,2,1,0,1,0,0,0,NA,NA,"Capreolus_pygargus"
"164","Cervus duvaucelii","Artiodactyla","Cervidae",2,NA,1,0,1,1,0,0,NA,NA,"Cervus_duvaucelii"
"165","Cervus elaphus","Artiodactyla","Cervidae",2,2,1,0,1,1,0,0,NA,NA,"Cervus_elaphus"
"166","Cervus nippon","Artiodactyla","Cervidae",2,2,1,0,1,1,0,0,NA,NA,"Cervus_nippon"
"167","Dama dama","Artiodactyla","Cervidae",1,2,1,0,1,0,0,0,NA,NA,"Dama_dama"
"168","Dama mesopotamica","Artiodactyla","Cervidae",1,NA,1,0,1,0,0,0,NA,NA,"Dama_mesopotamica"
"169","Elaphodus cephalophus","Artiodactyla","Cervidae",1,2,1,0,1,1,0,0,NA,NA,"Elaphodus_cephalophus"
"170","Elaphurus davidianus","Artiodactyla","Cervidae",1,2,1,0,1,1,0,0,NA,NA,"Elaphurus_davidianus"
"171","Hippocamelus antisensis","Artiodactyla","Cervidae",1,2,1,0,1,0,0,0,NA,NA,"Hippocamelus_antisensis"
"172","Hippocamelus bisulcus","Artiodactyla","Cervidae",1,2,1,0,1,0,0,0,NA,NA,"Hippocamelus_bisulcus"
"173","Hydropotes inermis","Artiodactyla","Cervidae",1,2,1,0,1,0,0,0,NA,NA,"Hydropotes_inermis"
"174","Mazama americana","Artiodactyla","Cervidae",1,2,1,0,1,0,0,0,NA,NA,"Mazama_americana"
"175","Mazama bororo","Artiodactyla","Cervidae",1,NA,1,0,1,0,0,0,NA,NA,"Mazama_bororo"
"176","Mazama bricenii","Artiodactyla","Cervidae",1,2,1,0,1,0,0,0,NA,NA,"Mazama_bricenii"
"177","Mazama chunyi","Artiodactyla","Cervidae",1,2,1,0,1,0,0,0,NA,NA,"Mazama_chunyi"
"178","Mazama gouazoubira","Artiodactyla","Cervidae",1,2,1,0,1,0,0,0,NA,NA,"Mazama_gouazoubira"
"179","Mazama nana","Artiodactyla","Cervidae",1,2,1,0,1,0,0,0,NA,NA,"Mazama_nana"
"180","Mazama pandora","Artiodactyla","Cervidae",1,NA,1,0,1,0,0,0,NA,NA,"Mazama_pandora"
"181","Mazama rufina","Artiodactyla","Cervidae",1,2,1,0,1,0,0,0,NA,NA,"Mazama_rufina"
"182","Mazama temama","Artiodactyla","Cervidae",1,NA,1,0,1,0,0,0,NA,NA,"Mazama_temama"
"183","Muntiacus atherodes","Artiodactyla","Cervidae",1,2,1,0,1,0,0,0,NA,NA,"Muntiacus_atherodes"
"184","Muntiacus crinifrons","Artiodactyla","Cervidae",1,2,1,0,1,0,0,0,NA,NA,"Muntiacus_crinifrons"
"185","Muntiacus feae","Artiodactyla","Cervidae",1,2,1,0,1,0,0,0,NA,NA,"Muntiacus_feae"
"186","Muntiacus gongshanensis","Artiodactyla","Cervidae",1,2,1,0,1,0,0,0,NA,NA,"Muntiacus_gongshanensis"
"187","Muntiacus muntjak","Artiodactyla","Cervidae",1,2,1,0,1,0,0,0,NA,NA,"Muntiacus_muntjak"
"188","Muntiacus puhoatensis","Artiodactyla","Cervidae",1,NA,1,0,1,0,0,0,NA,NA,"Muntiacus_puhoatensis"
"189","Muntiacus putaoensis","Artiodactyla","Cervidae",1,NA,1,0,1,0,0,0,NA,NA,"Muntiacus_putaoensis"
"190","Muntiacus reevesi","Artiodactyla","Cervidae",1,2,1,0,1,0,0,0,NA,NA,"Muntiacus_reevesi"
"191","Muntiacus rooseveltorum","Artiodactyla","Cervidae",1,2,1,0,1,0,0,0,NA,NA,"Muntiacus_rooseveltorum"
"192","Muntiacus truongsonensis","Artiodactyla","Cervidae",1,NA,1,0,1,0,0,0,NA,NA,"Muntiacus_truongsonensis"
"193","Muntiacus vuquangensis","Artiodactyla","Cervidae",1,NA,1,0,1,0,0,0,NA,NA,"Muntiacus_vuquangensis"
"194","Odocoileus hemionus","Artiodactyla","Cervidae",1,2,1,0,1,0,0,0,NA,NA,"Odocoileus_hemionus"
"195","Odocoileus virginianus","Artiodactyla","Cervidae",1,2,1,0,1,0,0,0,NA,NA,"Odocoileus_virginianus"
"196","Ozotoceros bezoarticus","Artiodactyla","Cervidae",1,2,1,0,1,0,0,0,NA,NA,"Ozotoceros_bezoarticus"
"197","Przewalskium albirostris","Artiodactyla","Cervidae",2,2,1,0,1,1,0,0,NA,NA,"Przewalskium_albirostris"
"198","Pudu mephistophiles","Artiodactyla","Cervidae",1,2,1,0,1,0,0,0,NA,NA,"Pudu_mephistophiles"
"199","Pudu puda","Artiodactyla","Cervidae",1,2,1,0,1,0,0,0,NA,NA,"Pudu_puda"
"200","Rangifer tarandus","Artiodactyla","Cervidae",1,2,1,0,1,0,0,0,NA,NA,"Rangifer_tarandus"
"201","Rucervus duvaucelii","Artiodactyla","Cervidae",2,2,1,0,1,1,0,0,NA,NA,"Rucervus_duvaucelii"
"202","Rucervus eldii","Artiodactyla","Cervidae",2,2,1,0,1,1,0,0,NA,NA,"Rucervus_eldii"
"203","Rucervus schomburgki","Artiodactyla","Cervidae",2,2,1,0,1,1,0,0,NA,NA,"Rucervus_schomburgki"
"204","Rusa alfredi","Artiodactyla","Cervidae",2,2,1,0,1,1,0,0,NA,NA,"Rusa_alfredi"
"205","Rusa marianna","Artiodactyla","Cervidae",2,2,1,0,1,1,0,0,NA,NA,"Rusa_marianna"
"206","Rusa timorensis","Artiodactyla","Cervidae",1,2,1,0,1,1,0,0,NA,NA,"Rusa_timorensis"
"207","Rusa unicolor","Artiodactyla","Cervidae",2,2,1,0,1,1,0,0,NA,NA,"Rusa_unicolor"
"208","Giraffa camelopardalis","Artiodactyla","Giraffidae",1,2,1,0,1,0,0,0,NA,NA,"Giraffa_camelopardalis"
"209","Okapia johnstoni","Artiodactyla","Giraffidae",1,2,1,0,1,0,0,0,NA,NA,"Okapia_johnstoni"
"210","Hexaprotodon liberiensis","Artiodactyla","Hippopotamidae",1,0,1,0,1,1,0,0,NA,NA,"Hexaprotodon_liberiensis"
"211","Hippopotamus amphibius","Artiodactyla","Hippopotamidae",2,0,1,0,1,1,0,0,NA,NA,"Hippopotamus_amphibius"
"212","Moschus anhuiensis","Artiodactyla","Moschidae",1,NA,1,0,1,0,0,0,NA,NA,"Moschus_anhuiensis"
"213","Moschus berezovskii","Artiodactyla","Moschidae",1,2,1,0,1,0,0,0,NA,NA,"Moschus_berezovskii"
"214","Moschus chrysogaster","Artiodactyla","Moschidae",1,2,1,0,1,0,0,0,NA,NA,"Moschus_chrysogaster"
"215","Moschus cupreus","Artiodactyla","Moschidae",1,NA,1,0,1,0,0,0,NA,NA,"Moschus_cupreus"
"216","Moschus fuscus","Artiodactyla","Moschidae",1,2,1,0,1,0,0,0,NA,NA,"Moschus_fuscus"
"217","Moschus leucogaster","Artiodactyla","Moschidae",1,2,1,0,1,0,0,0,NA,NA,"Moschus_leucogaster"
"218","Moschus moschiferus","Artiodactyla","Moschidae",1,2,1,0,1,0,0,0,NA,NA,"Moschus_moschiferus"
"219","Babyrousa babyrussa","Artiodactyla","Suidae",1,0,1,0,0,0,0,0,NA,NA,"Babyrousa_babyrussa"
"220","Babyrousa bolabatuensis","Artiodactyla","Suidae",1,NA,1,0,0,0,0,0,NA,NA,"Babyrousa_bolabatuensis"
"221","Babyrousa celebensis","Artiodactyla","Suidae",1,NA,1,0,0,0,0,0,NA,NA,"Babyrousa_celebensis"
"222","Babyrousa togeanensis","Artiodactyla","Suidae",1,NA,1,0,0,0,0,0,NA,NA,"Babyrousa_togeanensis"
"223","Hylochoerus meinertzhageni","Artiodactyla","Suidae",2,0,2,0,1,1,0,1,NA,NA,"Hylochoerus_meinertzhageni"
"224","Phacochoerus aethiopicus","Artiodactyla","Suidae",3,0,3,0,0,0,1,1,NA,NA,"Phacochoerus_aethiopicus"
"225","Phacochoerus africanus","Artiodactyla","Suidae",3,0,3,0,0,0,1,1,NA,NA,"Phacochoerus_africanus"
"226","Potamochoerus larvatus","Artiodactyla","Suidae",1,0,1,0,0,1,0,0,NA,NA,"Potamochoerus_larvatus"
"227","Potamochoerus porcus","Artiodactyla","Suidae",1,0,1,0,0,1,0,0,NA,NA,"Potamochoerus_porcus"
"228","Sus ahoenobarbus","Artiodactyla","Suidae",1,NA,1,0,0,1,0,0,NA,NA,"Sus_ahoenobarbus"
"229","Sus barbatus","Artiodactyla","Suidae",1,0,1,0,0,1,0,0,NA,NA,"Sus_barbatus"
"230","Sus bucculentus","Artiodactyla","Suidae",1,0,1,0,0,1,0,0,NA,NA,"Sus_bucculentus"
"231","Sus cebifrons","Artiodactyla","Suidae",1,0,1,0,0,1,0,0,NA,NA,"Sus_cebifrons"
"232","Sus celebensis","Artiodactyla","Suidae",1,0,1,0,0,1,0,0,NA,NA,"Sus_celebensis"
"233","Sus oliveri","Artiodactyla","Suidae",1,NA,1,0,0,1,0,0,NA,NA,"Sus_oliveri"
"234","Sus philippensis","Artiodactyla","Suidae",1,0,1,0,0,1,0,0,NA,NA,"Sus_philippensis"
"235","Sus salvanius","Artiodactyla","Suidae",1,0,1,0,0,1,0,0,NA,NA,"Sus_salvanius"
"236","Sus scrofa","Artiodactyla","Suidae",1,0,1,0,0,1,0,0,NA,NA,"Sus_scrofa"
"237","Sus verrucosus","Artiodactyla","Suidae",1,0,1,0,0,1,0,0,NA,NA,"Sus_verrucosus"
"238","Catagonus wagneri","Artiodactyla","Tayassuidae",1,0,1,0,0,1,0,0,NA,NA,"Catagonus_wagneri"
"239","Pecari tajacu","Artiodactyla","Tayassuidae",1,0,1,0,0,1,0,0,NA,NA,"Pecari_tajacu"
"240","Tayassu pecari","Artiodactyla","Tayassuidae",1,0,1,0,0,1,0,0,NA,NA,"Tayassu_pecari"
"241","Hyemoschus aquaticus","Artiodactyla","Tragulidae",1,2,1,0,1,0,0,0,NA,NA,"Hyemoschus_aquaticus"
"242","Moschiola meminna","Artiodactyla","Tragulidae",1,2,1,0,1,0,0,0,NA,NA,"Moschiola_meminna"
"243","Tragulus javanicus","Artiodactyla","Tragulidae",1,2,1,0,1,0,0,0,NA,NA,"Tragulus_javanicus"
"244","Tragulus kanchil","Artiodactyla","Tragulidae",1,NA,1,0,1,1,0,0,NA,NA,"Tragulus_kanchil"
"245","Tragulus napu","Artiodactyla","Tragulidae",1,2,1,0,1,0,0,0,NA,NA,"Tragulus_napu"
"246","Tragulus nigricans","Artiodactyla","Tragulidae",1,NA,1,0,1,1,0,0,NA,NA,"Tragulus_nigricans"
"247","Tragulus versicolor","Artiodactyla","Tragulidae",1,NA,1,0,1,1,0,0,NA,NA,"Tragulus_versicolor"
"248","Tragulus williamsoni","Artiodactyla","Tragulidae",1,NA,1,0,1,1,0,0,NA,NA,"Tragulus_williamsoni"
"249","Equus asinus","Perissodactyla","Equidae",3,2,1,0,1,0,1,1,NA,NA,"Equus_asinus"
"250","Equus burchellii","Perissodactyla","Equidae",3,2,1,0,1,0,1,1,NA,NA,"Equus_burchellii"
"251","Equus caballus","Perissodactyla","Equidae",3,2,1,0,1,0,1,1,NA,NA,"Equus_caballus"
"252","Equus grevyi","Perissodactyla","Equidae",3,2,1,0,1,0,1,1,NA,NA,"Equus_grevyi"
"253","Equus hemionus","Perissodactyla","Equidae",3,2,1,0,1,0,1,1,NA,NA,"Equus_hemionus"
"254","Equus kiang","Perissodactyla","Equidae",3,2,1,0,1,0,1,1,NA,NA,"Equus_kiang"
"255","Equus onager","Perissodactyla","Equidae",3,NA,1,0,1,0,1,1,NA,NA,"Equus_onager"
"256","Equus quagga","Perissodactyla","Equidae",3,2,1,0,1,0,1,1,NA,NA,"Equus_quagga"
"257","Equus zebra","Perissodactyla","Equidae",3,2,1,0,1,0,1,1,NA,NA,"Equus_zebra"
"258","Diceros bicornis","Perissodactyla","Rhinoceratidae",2,1,1,1,1,0,0,0,NA,NA,"Diceros_bicornis"
"259","Ceratotherium simum","Perissodactyla","Rhinocerotidae",3,2,1,0,1,0,1,1,NA,NA,"Ceratotherium_simum"
"260","Dicerorhinus sumatrensis","Perissodactyla","Rhinocerotidae",1,1,1,1,1,0,0,0,NA,NA,"Dicerorhinus_sumatrensis"
"261","Rhinoceros sondaicus","Perissodactyla","Rhinocerotidae",1,1,1,1,1,0,0,0,NA,NA,"Rhinoceros_sondaicus"
"262","Rhinoceros unicornis","Perissodactyla","Rhinocerotidae",1,2,1,1,1,0,0,0,NA,NA,"Rhinoceros_unicornis"
"263","Tapirus bairdii","Perissodactyla","Tapiridae",1,0,1,1,0,0,0,0,NA,NA,"Tapirus_bairdii"
"264","Tapirus indicus","Perissodactyla","Tapiridae",1,0,1,1,0,0,0,0,NA,NA,"Tapirus_indicus"
"265","Tapirus pinchaque","Perissodactyla","Tapiridae",1,0,1,1,0,0,0,0,NA,NA,"Tapirus_pinchaque"
"266","Tapirus terrestris","Perissodactyla","Tapiridae",1,0,1,1,0,0,0,0,NA,NA,"Tapirus_terrestris"
"267","Aotus nigriceps","Primates","Aotidae",1,0,1,0,0,0,0,0,NA,NA,"Aotus_nigriceps"
"268","Ateles geoffroyi","Primates","Atelidae",1,0,1,0,0,0,0,0,NA,NA,"Ateles_geoffroyi"
"269","Lagothrix poeppigii","Primates","Atelidae",1,NA,1,0,0,0,0,0,NA,NA,"Lagothrix_poeppigii"
"270","Oreonax flavicauda","Primates","Atelidae",1,0,1,0,0,0,0,0,NA,NA,"Oreonax_flavicauda"
"271","Callimico goeldii","Primates","Callitrichidae",1,0,1,0,0,0,0,0,NA,NA,"Callimico_goeldii"
"272","Callithrix acariensis","Primates","Callitrichidae",1,NA,1,0,0,0,0,0,NA,NA,"Callithrix_acariensis"
"273","Callithrix argentata","Primates","Callitrichidae",1,0,1,0,0,0,0,0,"Berlin2016June",NA,"Callithrix_argentata"
"274","Callithrix aurita","Primates","Callitrichidae",1,0,1,0,0,0,0,0,"Berlin2016June",NA,"Callithrix_aurita"
"275","Callithrix chrysoleuca","Primates","Callitrichidae",1,NA,1,0,0,0,0,0,NA,NA,"Callithrix_chrysoleuca"
"276","Callithrix emiliae","Primates","Callitrichidae",1,NA,1,0,0,0,0,0,NA,NA,"Callithrix_emiliae"
"277","Callithrix flaviceps","Primates","Callitrichidae",1,0,1,0,0,0,0,0,NA,NA,"Callithrix_flaviceps"
"278","Callithrix geoffroyi","Primates","Callitrichidae",1,0,1,0,0,0,0,0,"Berlin2016June",NA,"Callithrix_geoffroyi"
"279","Callithrix humeralifera","Primates","Callitrichidae",1,0,1,0,0,0,0,0,NA,NA,"Callithrix_humeralifera"
"280","Callithrix humilis","Primates","Callitrichidae",1,NA,1,0,0,0,0,0,NA,NA,"Callithrix_humilis"
"281","Callithrix intermedia","Primates","Callitrichidae",1,NA,1,0,0,0,0,0,NA,NA,"Callithrix_intermedia"
"282","Callithrix jacchus","Primates","Callitrichidae",1,0,1,0,0,0,0,0,"Berlin2016June",NA,"Callithrix_jacchus"
"283","Callithrix kuhlii","Primates","Callitrichidae",1,0,1,0,0,0,0,0,NA,NA,"Callithrix_kuhlii"
"284","Callithrix leucippe","Primates","Callitrichidae",1,NA,1,0,0,0,0,0,NA,NA,"Callithrix_leucippe"
"285","Callithrix manicorensis","Primates","Callitrichidae",1,NA,1,0,0,0,0,0,NA,NA,"Callithrix_manicorensis"
"286","Callithrix marcai","Primates","Callitrichidae",1,NA,1,0,0,0,0,0,NA,NA,"Callithrix_marcai"
"287","Callithrix mauesi","Primates","Callitrichidae",1,NA,1,0,0,0,0,0,NA,NA,"Callithrix_mauesi"
"288","Callithrix melanura","Primates","Callitrichidae",1,NA,1,0,0,0,0,0,"Berlin2016June",NA,"Callithrix_melanura"
"289","Callithrix nigriceps","Primates","Callitrichidae",1,NA,1,0,0,0,0,0,NA,NA,"Callithrix_nigriceps"
"290","Callithrix penicillata","Primates","Callitrichidae",1,0,1,0,0,0,0,0,"Berlin2016June",NA,"Callithrix_penicillata"
"291","Callithrix pygmaea","Primates","Callitrichidae",1,0,1,0,0,0,0,0,NA,NA,"Callithrix_pygmaea"
"292","Callithrix saterei","Primates","Callitrichidae",1,NA,1,0,0,0,0,0,NA,NA,"Callithrix_saterei"
"293","Leontopithecus caissara","Primates","Callitrichidae",1,0,1,0,0,0,0,0,NA,NA,"Leontopithecus_caissara"
"294","Leontopithecus chrysomelas","Primates","Callitrichidae",1,0,1,0,0,0,0,0,NA,NA,"Leontopithecus_chrysomelas"
"295","Leontopithecus chrysopygus","Primates","Callitrichidae",1,0,1,0,0,0,0,0,NA,NA,"Leontopithecus_chrysopygus"
"296","Leontopithecus rosalia","Primates","Callitrichidae",1,0,1,0,0,0,0,0,NA,NA,"Leontopithecus_rosalia"
"297","Saguinus bicolor","Primates","Callitrichidae",1,0,1,0,0,0,0,0,"Berlin2016June",NA,"Saguinus_bicolor"
"298","Saguinus fuscicollis","Primates","Callitrichidae",1,0,1,0,0,0,0,0,"Berlin2016June",NA,"Saguinus_fuscicollis"
"299","Saguinus graellsi","Primates","Callitrichidae",1,NA,1,0,0,0,0,0,NA,NA,"Saguinus_graellsi"
"300","Saguinus imperator","Primates","Callitrichidae",1,0,1,0,0,0,0,0,"Berlin2016June",NA,"Saguinus_imperator"
"301","Saguinus inustus","Primates","Callitrichidae",1,0,1,0,0,0,0,0,NA,NA,"Saguinus_inustus"
"302","Saguinus labiatus","Primates","Callitrichidae",1,0,1,0,0,0,0,0,NA,NA,"Saguinus_labiatus"
"303","Saguinus martinsi","Primates","Callitrichidae",1,NA,1,0,0,0,0,0,NA,NA,"Saguinus_martinsi"
"304","Saguinus melanoleucus","Primates","Callitrichidae",1,NA,1,0,0,0,0,0,NA,NA,"Saguinus_melanoleucus"
"305","Saguinus midas","Primates","Callitrichidae",1,0,1,0,0,0,0,0,"Berlin2016June",NA,"Saguinus_midas"
"306","Saguinus mystax","Primates","Callitrichidae",1,0,1,0,0,0,0,0,"Berlin2016June",NA,"Saguinus_mystax"
"307","Saguinus niger","Primates","Callitrichidae",1,NA,1,0,0,0,0,0,NA,NA,"Saguinus_niger"
"308","Saguinus nigricollis","Primates","Callitrichidae",1,0,1,0,0,0,0,0,NA,NA,"Saguinus_nigricollis"
"309","Saguinus oedipus","Primates","Callitrichidae",1,0,1,0,0,0,0,0,NA,NA,"Saguinus_oedipus"
"310","Saguinus pileatus","Primates","Callitrichidae",1,NA,1,0,0,0,0,0,NA,NA,"Saguinus_pileatus"
"311","Saguinus tripartitus","Primates","Callitrichidae",1,0,1,0,0,0,0,0,NA,NA,"Saguinus_tripartitus"
"312","Alouatta belzebul","Primates","Cebidae",1,1,1,0,0,0,0,0,NA,"Espoo2016July","Alouatta_belzebul"
"313","Alouatta caraya","Primates","Cebidae",1,1,1,0,0,0,0,0,NA,"Espoo2016July","Alouatta_caraya"
"314","Alouatta coibensis","Primates","Cebidae",1,1,1,0,0,0,0,0,NA,"Espoo2016July","Alouatta_coibensis"
"315","Alouatta fusca","Primates","Cebidae",1,NA,1,0,0,0,0,0,NA,"Espoo2016July","Alouatta_fusca"
"316","Alouatta guariba","Primates","Cebidae",1,1,1,0,0,0,0,0,"Berlin2016June","Berlin2016June","Alouatta_guariba"
"317","Alouatta macconnelli","Primates","Cebidae",1,NA,1,0,0,0,0,0,NA,"Espoo2016July","Alouatta_macconnelli"
"318","Alouatta nigerrima","Primates","Cebidae",1,NA,1,0,0,0,0,0,NA,"Espoo2016July","Alouatta_nigerrima"
"319","Alouatta palliata","Primates","Cebidae",1,1,1,0,0,0,0,0,NA,"Espoo2016July","Alouatta_palliata"
"320","Alouatta pigra","Primates","Cebidae",1,1,1,0,0,0,0,0,"Berlin2016June","Berlin2016June","Alouatta_pigra"
"321","Alouatta sara","Primates","Cebidae",1,1,1,0,0,0,0,0,NA,"Espoo2016July","Alouatta_sara"
"322","Alouatta seniculus","Primates","Cebidae",1,1,1,0,0,0,0,0,NA,"Espoo2016July","Alouatta_seniculus"
"323","Aotus azarae","Primates","Cebidae",1,0,1,0,0,0,0,0,NA,NA,"Aotus_azarae"
"324","Aotus hershkovitzi","Primates","Cebidae",1,0,1,0,0,0,0,0,NA,NA,"Aotus_hershkovitzi"
"325","Aotus infulatus","Primates","Cebidae",1,NA,1,0,0,0,0,0,NA,NA,"Aotus_infulatus"
"326","Aotus lemurinus","Primates","Cebidae",1,0,1,0,0,0,0,0,NA,NA,"Aotus_lemurinus"
"327","Aotus miconax","Primates","Cebidae",1,0,1,0,0,0,0,0,NA,NA,"Aotus_miconax"
"328","Aotus nancymaae","Primates","Cebidae",1,0,1,0,0,0,0,0,NA,NA,"Aotus_nancymaae"
"329","Aotus trivirgatus","Primates","Cebidae",1,0,1,0,0,0,0,0,NA,NA,"Aotus_trivirgatus"
"330","Aotus vociferans","Primates","Cebidae",1,0,1,0,0,0,0,0,NA,NA,"Aotus_vociferans"
"331","Ateles belzebuth","Primates","Cebidae",1,0,1,0,0,0,0,0,NA,NA,"Ateles_belzebuth"
"332","Ateles chamek","Primates","Cebidae",1,0,1,0,0,0,0,0,NA,NA,"Ateles_chamek"
"333","Ateles fusciceps","Primates","Cebidae",1,0,1,0,0,0,0,0,NA,NA,"Ateles_fusciceps"
"334","Ateles hybridus","Primates","Cebidae",1,NA,1,0,0,0,0,0,NA,NA,"Ateles_hybridus"
"335","Ateles marginatus","Primates","Cebidae",1,0,1,0,0,0,0,0,NA,NA,"Ateles_marginatus"
"336","Ateles paniscus","Primates","Cebidae",1,0,1,0,0,0,0,0,NA,NA,"Ateles_paniscus"
"337","Brachyteles arachnoides","Primates","Cebidae",1,0,1,0,0,0,0,0,"Berlin2016June",NA,"Brachyteles_arachnoides"
"338","Brachyteles hypoxanthus","Primates","Cebidae",1,NA,1,0,0,0,0,0,NA,NA,"Brachyteles_hypoxanthus"
"339","Cacajao calvus","Primates","Cebidae",1,0,1,0,0,0,0,0,NA,NA,"Cacajao_calvus"
"340","Cacajao melanocephalus","Primates","Cebidae",1,0,1,0,0,0,0,0,NA,NA,"Cacajao_melanocephalus"
"341","Callicebus baptista","Primates","Cebidae",1,NA,1,0,0,0,0,0,NA,NA,"Callicebus_baptista"
"342","Callicebus barbarabrownae","Primates","Cebidae",1,NA,1,0,0,0,0,0,NA,NA,"Callicebus_barbarabrownae"
"343","Callicebus brunneus","Primates","Cebidae",1,0,1,0,0,0,0,0,NA,NA,"Callicebus_brunneus"
"344","Callicebus cinerascens","Primates","Cebidae",1,0,1,0,0,0,0,0,NA,NA,"Callicebus_cinerascens"
"345","Callicebus coimbrai","Primates","Cebidae",1,NA,1,0,0,0,0,0,NA,NA,"Callicebus_coimbrai"
"346","Callicebus cupreus","Primates","Cebidae",1,0,1,0,0,0,0,0,NA,NA,"Callicebus_cupreus"
"347","Callicebus donacophilus","Primates","Cebidae",1,0,1,0,0,0,0,0,NA,NA,"Callicebus_donacophilus"
"348","Callicebus hoffmannsi","Primates","Cebidae",1,0,1,0,0,0,0,0,NA,NA,"Callicebus_hoffmannsi"
"349","Callicebus medemi","Primates","Cebidae",1,NA,1,0,0,0,0,0,NA,NA,"Callicebus_medemi"
"350","Callicebus melanochir","Primates","Cebidae",1,NA,1,0,0,0,0,0,NA,NA,"Callicebus_melanochir"
"351","Callicebus modestus","Primates","Cebidae",1,0,1,0,0,0,0,0,NA,NA,"Callicebus_modestus"
"352","Callicebus moloch","Primates","Cebidae",1,0,1,0,0,0,0,0,"Berlin2016June",NA,"Callicebus_moloch"
"353","Callicebus nigrifrons","Primates","Cebidae",1,NA,1,0,0,0,0,0,NA,NA,"Callicebus_nigrifrons"
"354","Callicebus oenanthe","Primates","Cebidae",1,0,1,0,0,0,0,0,NA,NA,"Callicebus_oenanthe"
"355","Callicebus olallae","Primates","Cebidae",1,0,1,0,0,0,0,0,NA,NA,"Callicebus_olallae"
"356","Callicebus ornatus","Primates","Cebidae",1,NA,1,0,0,0,0,0,NA,NA,"Callicebus_ornatus"
"357","Callicebus personatus","Primates","Cebidae",1,0,1,0,0,0,0,0,NA,NA,"Callicebus_personatus"
"358","Callicebus torquatus","Primates","Cebidae",1,0,1,0,0,0,0,0,NA,NA,"Callicebus_torquatus"
"359","Cebus albifrons","Primates","Cebidae",1,0,1,0,0,0,0,0,NA,NA,"Cebus_albifrons"
"360","Cebus apella","Primates","Cebidae",1,0,1,0,0,0,0,0,NA,NA,"Cebus_apella"
"361","Cebus capucinus","Primates","Cebidae",1,0,1,0,0,0,0,0,NA,NA,"Cebus_capucinus"
"362","Cebus kaapori","Primates","Cebidae",1,NA,1,0,0,0,0,0,NA,NA,"Cebus_kaapori"
"363","Cebus libidinosus","Primates","Cebidae",1,NA,1,0,0,0,0,0,NA,NA,"Cebus_libidinosus"
"364","Cebus nigritus","Primates","Cebidae",1,NA,1,0,0,0,0,0,NA,NA,"Cebus_nigritus"
"365","Cebus olivaceus","Primates","Cebidae",1,0,1,0,0,0,0,0,NA,NA,"Cebus_olivaceus"
"366","Cebus xanthosternos","Primates","Cebidae",1,NA,1,0,0,0,0,0,NA,NA,"Cebus_xanthosternos"
"367","Chiropotes albinasus","Primates","Cebidae",1,0,1,0,0,0,0,0,NA,NA,"Chiropotes_albinasus"
"368","Chiropotes satanas","Primates","Cebidae",1,0,1,0,0,0,0,0,NA,NA,"Chiropotes_satanas"
"369","Lagothrix cana","Primates","Cebidae",1,NA,1,0,0,0,0,0,NA,NA,"Lagothrix_cana"
"370","Lagothrix lagotricha","Primates","Cebidae",1,0,1,0,0,0,0,0,NA,NA,"Lagothrix_lagotricha"
"371","Lagothrix lugens","Primates","Cebidae",1,NA,1,0,0,0,0,0,NA,NA,"Lagothrix_lugens"
"372","Pithecia aequatorialis","Primates","Cebidae",1,0,1,0,0,0,0,0,NA,NA,"Pithecia_aequatorialis"
"373","Pithecia albicans","Primates","Cebidae",1,0,1,0,0,0,0,0,NA,NA,"Pithecia_albicans"
"374","Pithecia irrorata","Primates","Cebidae",1,0,1,0,0,0,0,0,NA,NA,"Pithecia_irrorata"
"375","Pithecia monachus","Primates","Cebidae",1,0,1,0,0,0,0,0,NA,NA,"Pithecia_monachus"
"376","Pithecia pithecia","Primates","Cebidae",1,0,1,0,0,0,0,0,NA,NA,"Pithecia_pithecia"
"377","Saguinus geoffroyi","Primates","Cebidae",1,0,1,0,0,0,0,0,"Berlin2016June",NA,"Saguinus_geoffroyi"
"378","Saguinus leucopus","Primates","Cebidae",1,0,1,0,0,0,0,0,"Berlin2016June",NA,"Saguinus_leucopus"
"379","Saimiri boliviensis","Primates","Cebidae",1,0,1,0,0,0,0,0,NA,NA,"Saimiri_boliviensis"
"380","Saimiri oerstedii","Primates","Cebidae",1,0,1,0,0,0,0,0,NA,NA,"Saimiri_oerstedii"
"381","Saimiri sciureus","Primates","Cebidae",1,0,1,0,0,0,0,0,NA,NA,"Saimiri_sciureus"
"382","Saimiri ustus","Primates","Cebidae",1,0,1,0,0,0,0,0,NA,NA,"Saimiri_ustus"
"383","Saimiri vanzolinii","Primates","Cebidae",1,0,1,0,0,0,0,0,NA,NA,"Saimiri_vanzolinii"
"384","Allenopithecus nigroviridis","Primates","Cercopithecidae",1,0,1,0,0,0,0,0,NA,NA,"Allenopithecus_nigroviridis"
"385","Cercocebus agilis","Primates","Cercopithecidae",1,0,1,0,0,0,0,0,NA,NA,"Cercocebus_agilis"
"386","Cercocebus atys","Primates","Cercopithecidae",1,NA,1,0,0,0,0,0,NA,NA,"Cercocebus_atys"
"387","Cercocebus chrysogaster","Primates","Cercopithecidae",1,NA,1,0,0,0,0,0,NA,NA,"Cercocebus_chrysogaster"
"388","Cercocebus galeritus","Primates","Cercopithecidae",1,0,1,0,0,0,0,0,NA,NA,"Cercocebus_galeritus"
"389","Cercocebus sanjei","Primates","Cercopithecidae",1,NA,1,0,0,0,0,0,NA,NA,"Cercocebus_sanjei"
"390","Cercocebus torquatus","Primates","Cercopithecidae",1,0,1,0,0,0,0,0,"Berlin2016June",NA,"Cercocebus_torquatus"
"391","Cercopithecus albogularis","Primates","Cercopithecidae",1,0,1,0,0,0,0,0,NA,NA,"Cercopithecus_albogularis"
"392","Cercopithecus ascanius","Primates","Cercopithecidae",1,0,1,0,0,0,0,0,"Berlin2016June",NA,"Cercopithecus_ascanius"
"393","Cercopithecus campbelli","Primates","Cercopithecidae",1,0,1,0,0,0,0,0,"Berlin2016June",NA,"Cercopithecus_campbelli"
"394","Cercopithecus cephus","Primates","Cercopithecidae",1,0,1,0,0,0,0,0,"Berlin2016June",NA,"Cercopithecus_cephus"
"395","Cercopithecus denti","Primates","Cercopithecidae",1,0,1,0,0,0,0,0,NA,NA,"Cercopithecus_denti"
"396","Cercopithecus diana","Primates","Cercopithecidae",1,0,1,0,0,0,0,0,"Berlin2016June",NA,"Cercopithecus_diana"
"397","Cercopithecus doggetti","Primates","Cercopithecidae",1,NA,1,1,0,0,0,0,NA,NA,"Cercopithecus_doggetti"
"398","Cercopithecus dryas","Primates","Cercopithecidae",1,0,1,0,0,0,0,0,NA,NA,"Cercopithecus_dryas"
"399","Cercopithecus erythrogaster","Primates","Cercopithecidae",1,0,1,0,0,0,0,0,NA,NA,"Cercopithecus_erythrogaster"
"400","Cercopithecus erythrotis","Primates","Cercopithecidae",1,0,1,0,0,0,0,0,"Berlin2016June",NA,"Cercopithecus_erythrotis"
"401","Cercopithecus hamlyni","Primates","Cercopithecidae",1,0,1,0,0,0,0,0,NA,NA,"Cercopithecus_hamlyni"
"402","Cercopithecus kandti","Primates","Cercopithecidae",1,NA,1,1,0,0,0,0,NA,NA,"Cercopithecus_kandti"
"403","Cercopithecus lhoesti","Primates","Cercopithecidae",1,0,1,0,0,0,0,0,"Berlin2016June",NA,"Cercopithecus_lhoesti"
"404","Cercopithecus lowei","Primates","Cercopithecidae",1,NA,1,1,0,0,0,0,NA,NA,"Cercopithecus_lowei"
"405","Cercopithecus mitis","Primates","Cercopithecidae",1,0,1,0,0,0,0,0,"Berlin2016June",NA,"Cercopithecus_mitis"
"406","Cercopithecus mona","Primates","Cercopithecidae",1,0,1,1,1,0,0,0,"Berlin2016June","Berlin2016June","Cercopithecus_mona"
"407","Cercopithecus neglectus","Primates","Cercopithecidae",1,0,1,0,0,0,0,0,"Berlin2016June",NA,"Cercopithecus_neglectus"
"408","Cercopithecus nictitans","Primates","Cercopithecidae",1,0,1,0,0,0,0,0,"Berlin2016June",NA,"Cercopithecus_nictitans"
"409","Cercopithecus petaurista","Primates","Cercopithecidae",1,0,1,0,0,0,0,0,"Berlin2016June",NA,"Cercopithecus_petaurista"
"410","Cercopithecus pogonias","Primates","Cercopithecidae",1,0,1,0,0,0,0,0,"Berlin2016June",NA,"Cercopithecus_pogonias"
"411","Cercopithecus preussi","Primates","Cercopithecidae",1,0,1,0,0,0,0,0,"Berlin2016June","Berlin2016June","Cercopithecus_preussi"
"412","Cercopithecus roloway","Primates","Cercopithecidae",1,NA,1,1,0,0,0,0,NA,NA,"Cercopithecus_roloway"
"413","Cercopithecus sclateri","Primates","Cercopithecidae",1,0,1,0,0,0,0,0,"Berlin2016June",NA,"Cercopithecus_sclateri"
"414","Cercopithecus solatus","Primates","Cercopithecidae",1,0,1,0,0,0,0,0,NA,NA,"Cercopithecus_solatus"
"415","Cercopithecus wolfi","Primates","Cercopithecidae",1,0,1,0,0,0,0,0,"Berlin2016June",NA,"Cercopithecus_wolfi"
"416","Chlorocebus aethiops","Primates","Cercopithecidae",1,0,1,0,0,0,0,0,"Berlin2016June",NA,"Chlorocebus_aethiops"
"417","Chlorocebus cynosuros","Primates","Cercopithecidae",1,0,1,0,0,0,0,0,NA,NA,"Chlorocebus_cynosuros"
"418","Chlorocebus djamdjamensis","Primates","Cercopithecidae",1,NA,1,1,0,0,0,0,NA,NA,"Chlorocebus_djamdjamensis"
"419","Chlorocebus pygerythrus","Primates","Cercopithecidae",1,0,1,0,0,0,0,0,NA,NA,"Chlorocebus_pygerythrus"
"420","Chlorocebus sabaeus","Primates","Cercopithecidae",1,0,1,0,0,0,0,0,NA,NA,"Chlorocebus_sabaeus"
"421","Chlorocebus tantalus","Primates","Cercopithecidae",1,0,1,0,0,0,0,0,NA,NA,"Chlorocebus_tantalus"
"422","Colobus angolensis","Primates","Cercopithecidae",1,0,1,1,0,0,0,0,"Berlin2016June",NA,"Colobus_angolensis"
"423","Colobus guereza","Primates","Cercopithecidae",1,0,1,1,0,0,0,0,"Berlin2016June",NA,"Colobus_guereza"
"424","Colobus polykomos","Primates","Cercopithecidae",1,0,1,1,0,0,0,0,"Berlin2016June",NA,"Colobus_polykomos"
"425","Colobus satanas","Primates","Cercopithecidae",1,0,1,1,0,0,0,0,"Berlin2016June",NA,"Colobus_satanas"
"426","Colobus vellerosus","Primates","Cercopithecidae",1,0,1,1,0,0,0,0,NA,NA,"Colobus_vellerosus"
"427","Erythrocebus patas","Primates","Cercopithecidae",1,0,1,0,0,0,0,0,NA,NA,"Erythrocebus_patas"
"428","Lophocebus albigena","Primates","Cercopithecidae",1,0,1,0,0,0,0,0,"Berlin2016June",NA,"Lophocebus_albigena"
"429","Lophocebus aterrimus","Primates","Cercopithecidae",1,0,1,0,0,0,0,0,NA,NA,"Lophocebus_aterrimus"
"430","Lophocebus opdenboschi","Primates","Cercopithecidae",1,NA,1,0,0,0,0,0,NA,NA,"Lophocebus_opdenboschi"
"431","Macaca arctoides","Primates","Cercopithecidae",1,0,1,0,0,0,0,0,NA,NA,"Macaca_arctoides"
"432","Macaca assamensis","Primates","Cercopithecidae",1,0,1,0,0,0,0,0,NA,NA,"Macaca_assamensis"
"433","Macaca cyclopis","Primates","Cercopithecidae",1,0,1,0,0,0,0,0,NA,NA,"Macaca_cyclopis"
"434","Macaca fascicularis","Primates","Cercopithecidae",1,0,1,0,0,0,0,0,"Berlin2016June",NA,"Macaca_fascicularis"
"435","Macaca fuscata","Primates","Cercopithecidae",1,0,1,0,0,0,0,0,NA,NA,"Macaca_fuscata"
"436","Macaca hecki","Primates","Cercopithecidae",1,NA,1,0,0,0,0,0,NA,NA,"Macaca_hecki"
"437","Macaca leonina","Primates","Cercopithecidae",1,NA,1,0,0,0,0,0,NA,NA,"Macaca_leonina"
"438","Macaca maura","Primates","Cercopithecidae",1,0,1,0,0,0,0,0,NA,NA,"Macaca_maura"
"439","Macaca mulatta","Primates","Cercopithecidae",1,0,1,0,0,0,0,0,NA,NA,"Macaca_mulatta"
"440","Macaca nemestrina","Primates","Cercopithecidae",1,0,1,0,0,0,0,0,NA,NA,"Macaca_nemestrina"
"441","Macaca nigra","Primates","Cercopithecidae",1,0,1,0,0,0,0,0,"Berlin2016June",NA,"Macaca_nigra"
"442","Macaca nigrescens","Primates","Cercopithecidae",1,NA,1,0,0,0,0,0,"Berlin2016June",NA,"Macaca_nigrescens"
"443","Macaca ochreata","Primates","Cercopithecidae",1,0,1,0,0,0,0,0,"Berlin2016June",NA,"Macaca_ochreata"
"444","Macaca pagensis","Primates","Cercopithecidae",1,NA,1,0,0,0,0,0,NA,NA,"Macaca_pagensis"
"445","Macaca radiata","Primates","Cercopithecidae",1,0,1,0,0,0,0,0,"Berlin2016June",NA,"Macaca_radiata"
"446","Macaca siberu","Primates","Cercopithecidae",1,NA,1,0,0,0,0,0,NA,NA,"Macaca_siberu"
"447","Macaca silenus","Primates","Cercopithecidae",1,0,1,0,0,0,0,0,NA,NA,"Macaca_silenus"
"448","Macaca sinica","Primates","Cercopithecidae",1,0,1,0,0,0,0,0,NA,NA,"Macaca_sinica"
"449","Macaca sylvanus","Primates","Cercopithecidae",1,0,1,0,0,0,0,0,NA,NA,"Macaca_sylvanus"
"450","Macaca thibetana","Primates","Cercopithecidae",1,0,1,0,0,0,0,0,NA,NA,"Macaca_thibetana"
"451","Macaca tonkeana","Primates","Cercopithecidae",1,0,1,0,0,0,0,0,NA,NA,"Macaca_tonkeana"
"452","Mandrillus leucophaeus","Primates","Cercopithecidae",1,0,1,0,0,0,0,0,NA,NA,"Mandrillus_leucophaeus"
"453","Mandrillus sphinx","Primates","Cercopithecidae",1,0,1,0,0,0,0,0,NA,NA,"Mandrillus_sphinx"
"454","Miopithecus ogouensis","Primates","Cercopithecidae",1,NA,1,0,0,0,0,0,NA,NA,"Miopithecus_ogouensis"
"455","Miopithecus talapoin","Primates","Cercopithecidae",1,0,1,0,0,0,0,0,"Berlin2016June",NA,"Miopithecus_talapoin"
"456","Nasalis larvatus","Primates","Cercopithecidae",1,0,1,1,0,0,0,0,"Berlin2016June",NA,"Nasalis_larvatus"
"457","Papio anubis","Primates","Cercopithecidae",1,0,1,0,0,0,0,0,NA,NA,"Papio_anubis"
"458","Papio cynocephalus","Primates","Cercopithecidae",1,0,1,0,0,0,0,0,NA,NA,"Papio_cynocephalus"
"459","Papio hamadryas","Primates","Cercopithecidae",1,0,1,0,0,0,0,0,NA,NA,"Papio_hamadryas"
"460","Papio papio","Primates","Cercopithecidae",1,0,1,0,0,0,0,0,NA,NA,"Papio_papio"
"461","Papio ursinus","Primates","Cercopithecidae",1,0,1,0,0,0,0,0,NA,NA,"Papio_ursinus"
"462","Piliocolobus badius","Primates","Cercopithecidae",1,0,1,1,0,0,0,0,"Berlin2016June",NA,"Piliocolobus_badius"
"463","Piliocolobus foai","Primates","Cercopithecidae",1,0,1,1,0,0,0,0,NA,NA,"Piliocolobus_foai"
"464","Piliocolobus gordonorum","Primates","Cercopithecidae",1,0,1,1,0,0,0,0,NA,NA,"Piliocolobus_gordonorum"
"465","Piliocolobus kirkii","Primates","Cercopithecidae",1,0,1,1,0,0,0,0,NA,NA,"Piliocolobus_kirkii"
"466","Piliocolobus pennantii","Primates","Cercopithecidae",1,0,1,1,0,0,0,0,"Berlin2016June",NA,"Piliocolobus_pennantii"
"467","Piliocolobus preussi","Primates","Cercopithecidae",1,0,1,1,0,0,0,0,NA,NA,"Piliocolobus_preussi"
"468","Piliocolobus rufomitratus","Primates","Cercopithecidae",1,0,1,1,0,0,0,0,NA,NA,"Piliocolobus_rufomitratus"
"469","Piliocolobus tephrosceles","Primates","Cercopithecidae",1,NA,1,1,0,0,0,0,NA,NA,"Piliocolobus_tephrosceles"
"470","Piliocolobus tholloni","Primates","Cercopithecidae",1,NA,1,1,0,0,0,0,NA,NA,"Piliocolobus_tholloni"
"471","Presbytis chrysomelas","Primates","Cercopithecidae",1,NA,1,0,0,0,0,0,NA,NA,"Presbytis_chrysomelas"
"472","Presbytis comata","Primates","Cercopithecidae",1,0,1,0,0,0,0,0,"Berlin2016June","Berlin2016June","Presbytis_comata"
"473","Presbytis femoralis","Primates","Cercopithecidae",1,0,1,1,0,0,0,0,NA,NA,"Presbytis_femoralis"
"474","Presbytis frontata","Primates","Cercopithecidae",1,0,1,1,0,0,0,0,NA,NA,"Presbytis_frontata"
"475","Presbytis hosei","Primates","Cercopithecidae",1,0,1,1,0,0,0,0,"Berlin2016June",NA,"Presbytis_hosei"
"476","Presbytis melalophos","Primates","Cercopithecidae",1,0,1,1,0,0,0,0,"Berlin2016June",NA,"Presbytis_melalophos"
"477","Presbytis natunae","Primates","Cercopithecidae",1,NA,1,0,0,0,0,0,NA,NA,"Presbytis_natunae"
"478","Presbytis potenziani","Primates","Cercopithecidae",1,0,1,1,0,0,0,0,"Berlin2016June",NA,"Presbytis_potenziani"
"479","Presbytis rubicunda","Primates","Cercopithecidae",1,0,1,1,0,0,0,0,"Berlin2016June",NA,"Presbytis_rubicunda"
"480","Presbytis siamensis","Primates","Cercopithecidae",1,NA,1,0,0,0,0,0,NA,NA,"Presbytis_siamensis"
"481","Presbytis thomasi","Primates","Cercopithecidae",1,0,1,1,0,0,0,0,NA,NA,"Presbytis_thomasi"
"482","Procolobus verus","Primates","Cercopithecidae",1,0,1,1,0,0,0,0,NA,NA,"Procolobus_verus"
"483","Pygathrix cinerea","Primates","Cercopithecidae",1,NA,1,0,0,0,0,0,NA,NA,"Pygathrix_cinerea"
"484","Pygathrix nemaeus","Primates","Cercopithecidae",1,0,1,0,0,0,0,0,"Berlin2016June","Berlin2016June","Pygathrix_nemaeus"
"485","Pygathrix nigripes","Primates","Cercopithecidae",1,0,1,1,0,0,0,0,NA,NA,"Pygathrix_nigripes"
"486","Pygathrix roxellana","Primates","Cercopithecidae",1,NA,1,0,0,0,0,0,NA,NA,"Pygathrix_roxellana"
"487","Rhinopithecus avunculus","Primates","Cercopithecidae",1,0,1,1,0,0,0,0,NA,NA,"Rhinopithecus_avunculus"
"488","Rhinopithecus bieti","Primates","Cercopithecidae",1,0,1,1,0,0,0,0,NA,NA,"Rhinopithecus_bieti"
"489","Rhinopithecus brelichi","Primates","Cercopithecidae",1,0,1,1,0,0,0,0,NA,NA,"Rhinopithecus_brelichi"
"490","Rhinopithecus roxellana","Primates","Cercopithecidae",1,0,1,1,0,0,0,0,NA,NA,"Rhinopithecus_roxellana"
"491","Semnopithecus ajax","Primates","Cercopithecidae",1,NA,1,0,0,0,0,0,NA,NA,"Semnopithecus_ajax"
"492","Semnopithecus dussumieri","Primates","Cercopithecidae",1,NA,1,0,0,0,0,0,NA,NA,"Semnopithecus_dussumieri"
"493","Semnopithecus entellus","Primates","Cercopithecidae",1,0,1,0,0,0,0,0,"Berlin2016June",NA,"Semnopithecus_entellus"
"494","Semnopithecus hector","Primates","Cercopithecidae",1,NA,1,0,0,0,0,0,NA,NA,"Semnopithecus_hector"
"495","Semnopithecus hypoleucos","Primates","Cercopithecidae",1,NA,1,0,0,0,0,0,NA,NA,"Semnopithecus_hypoleucos"
"496","Semnopithecus priam","Primates","Cercopithecidae",1,NA,1,0,0,0,0,0,NA,NA,"Semnopithecus_priam"
"497","Semnopithecus schistaceus","Primates","Cercopithecidae",1,NA,1,0,0,0,0,0,NA,NA,"Semnopithecus_schistaceus"
"498","Simias concolor","Primates","Cercopithecidae",1,0,1,1,0,0,0,0,NA,NA,"Simias_concolor"
"499","Theropithecus gelada","Primates","Cercopithecidae",1,0,1,0,1,1,0,0,"Berlin2016June","Berlin2016June","Theropithecus_gelada"
"500","Trachypithecus auratus","Primates","Cercopithecidae",1,0,1,1,0,0,0,0,NA,NA,"Trachypithecus_auratus"
"501","Trachypithecus barbei","Primates","Cercopithecidae",1,NA,1,0,0,0,0,0,NA,NA,"Trachypithecus_barbei"
"502","Trachypithecus cristatus","Primates","Cercopithecidae",1,0,1,1,0,0,0,0,"Berlin2016June",NA,"Trachypithecus_cristatus"
"503","Trachypithecus delacouri","Primates","Cercopithecidae",1,NA,1,0,0,0,0,0,NA,NA,"Trachypithecus_delacouri"
"504","Trachypithecus ebenus","Primates","Cercopithecidae",1,NA,1,0,0,0,0,0,NA,NA,"Trachypithecus_ebenus"
"505","Trachypithecus francoisi","Primates","Cercopithecidae",1,0,1,1,0,0,0,0,NA,NA,"Trachypithecus_francoisi"
"506","Trachypithecus geei","Primates","Cercopithecidae",1,0,1,1,0,0,0,0,NA,NA,"Trachypithecus_geei"
"507","Trachypithecus germaini","Primates","Cercopithecidae",1,NA,1,0,0,0,0,0,NA,NA,"Trachypithecus_germaini"
"508","Trachypithecus hatinhensis","Primates","Cercopithecidae",1,NA,1,0,0,0,0,0,NA,NA,"Trachypithecus_hatinhensis"
"509","Trachypithecus johnii","Primates","Cercopithecidae",1,0,1,1,0,0,0,0,"Berlin2016June",NA,"Trachypithecus_johnii"
"510","Trachypithecus laotum","Primates","Cercopithecidae",1,NA,1,0,0,0,0,0,NA,NA,"Trachypithecus_laotum"
"511","Trachypithecus obscurus","Primates","Cercopithecidae",1,0,1,1,0,0,0,0,"Berlin2016June",NA,"Trachypithecus_obscurus"
"512","Trachypithecus phayrei","Primates","Cercopithecidae",1,0,1,1,0,0,0,0,"Berlin2016June",NA,"Trachypithecus_phayrei"
"513","Trachypithecus pileatus","Primates","Cercopithecidae",1,0,1,1,0,0,0,0,NA,NA,"Trachypithecus_pileatus"
"514","Trachypithecus poliocephalus","Primates","Cercopithecidae",1,NA,1,0,0,0,0,0,NA,NA,"Trachypithecus_poliocephalus"
"515","Trachypithecus shortridgei","Primates","Cercopithecidae",1,NA,1,0,0,0,0,0,NA,NA,"Trachypithecus_shortridgei"
"516","Trachypithecus vetulus","Primates","Cercopithecidae",1,0,1,1,0,0,0,0,"Berlin2016June",NA,"Trachypithecus_vetulus"
"517","Allocebus trichotis","Primates","Cheirogaleidae",1,0,1,0,0,0,0,0,NA,NA,"Allocebus_trichotis"
"518","Cheirogaleus adipicaudatus","Primates","Cheirogaleidae",1,NA,1,0,0,0,0,0,NA,NA,"Cheirogaleus_adipicaudatus"
"519","Cheirogaleus crossleyi","Primates","Cheirogaleidae",1,NA,1,0,0,0,0,0,NA,NA,"Cheirogaleus_crossleyi"
"520","Cheirogaleus major","Primates","Cheirogaleidae",1,0,1,0,0,0,0,0,NA,NA,"Cheirogaleus_major"
"521","Cheirogaleus medius","Primates","Cheirogaleidae",1,0,1,0,0,0,0,0,NA,NA,"Cheirogaleus_medius"
"522","Cheirogaleus minusculus","Primates","Cheirogaleidae",1,NA,1,0,0,0,0,0,NA,NA,"Cheirogaleus_minusculus"
"523","Cheirogaleus ravus","Primates","Cheirogaleidae",1,NA,1,0,0,0,0,0,NA,NA,"Cheirogaleus_ravus"
"524","Cheirogaleus sibreei","Primates","Cheirogaleidae",1,NA,1,0,0,0,0,0,NA,NA,"Cheirogaleus_sibreei"
"525","Microcebus berthae","Primates","Cheirogaleidae",1,NA,1,0,0,0,0,0,NA,NA,"Microcebus_berthae"
"526","Microcebus griseorufus","Primates","Cheirogaleidae",1,NA,1,0,0,0,0,0,NA,NA,"Microcebus_griseorufus"
"527","Microcebus murinus","Primates","Cheirogaleidae",1,0,1,0,0,0,0,0,NA,NA,"Microcebus_murinus"
"528","Microcebus myoxinus","Primates","Cheirogaleidae",1,NA,1,0,0,0,0,0,NA,NA,"Microcebus_myoxinus"
"529","Microcebus ravelobensis","Primates","Cheirogaleidae",1,NA,1,0,0,0,0,0,NA,NA,"Microcebus_ravelobensis"
"530","Microcebus rufus","Primates","Cheirogaleidae",1,0,1,0,0,0,0,0,NA,NA,"Microcebus_rufus"
"531","Microcebus sambiranensis","Primates","Cheirogaleidae",1,NA,1,0,0,0,0,0,NA,NA,"Microcebus_sambiranensis"
"532","Microcebus tavaratra","Primates","Cheirogaleidae",1,NA,1,0,0,0,0,0,NA,NA,"Microcebus_tavaratra"
"533","Mirza coquereli","Primates","Cheirogaleidae",1,0,1,0,0,0,0,0,NA,NA,"Mirza_coquereli"
"534","Phaner electromontis","Primates","Cheirogaleidae",1,NA,1,0,0,0,0,0,NA,NA,"Phaner_electromontis"
"535","Phaner furcifer","Primates","Cheirogaleidae",1,0,1,0,0,0,0,0,NA,NA,"Phaner_furcifer"
"536","Phaner pallescens","Primates","Cheirogaleidae",1,NA,1,0,0,0,0,0,NA,NA,"Phaner_pallescens"
"537","Phaner parienti","Primates","Cheirogaleidae",1,NA,1,0,0,0,0,0,NA,NA,"Phaner_parienti"
"538","Daubentonia madagascariensis","Primates","Daubentoniidae",1,0,1,0,0,0,0,0,NA,NA,"Daubentonia_madagascariensis"
"539","Galago gallarum","Primates","Galagidae",1,0,1,0,0,0,0,0,"Berlin2016June",NA,"Galago_gallarum"
"540","Galago senegalensis","Primates","Galagidae",1,0,1,0,0,0,0,0,"Berlin2016June",NA,"Galago_senegalensis"
"541","Galago zanzibaricus","Primates","Galagidae",1,0,1,0,0,0,0,0,"Berlin2016June",NA,"Galago_zanzibaricus"
"542","Otolemur crassicaudatus","Primates","Galagidae",1,0,1,0,0,0,0,0,NA,NA,"Otolemur_crassicaudatus"
"543","Otolemur garnettii","Primates","Galagidae",1,0,1,0,0,0,0,0,NA,NA,"Otolemur_garnettii"
"544","Euoticus elegantulus","Primates","Galagonidae",1,0,1,0,0,0,0,0,NA,NA,"Euoticus_elegantulus"
"545","Euoticus pallidus","Primates","Galagonidae",1,0,1,0,0,0,0,0,NA,NA,"Euoticus_pallidus"
"546","Galago alleni","Primates","Galagonidae",1,0,1,0,0,0,0,0,"Berlin2016June",NA,"Galago_alleni"
"547","Galago cameronensis","Primates","Galagonidae",1,NA,1,0,0,0,0,0,NA,NA,"Galago_cameronensis"
"548","Galago demidoff","Primates","Galagonidae",1,0,1,0,0,0,0,0,"Berlin2016June",NA,"Galago_demidoff"
"549","Galago gabonensis","Primates","Galagonidae",1,NA,1,0,0,0,0,0,NA,NA,"Galago_gabonensis"
"550","Galago granti","Primates","Galagonidae",1,NA,1,0,0,0,0,0,NA,NA,"Galago_granti"
"551","Galago matschiei","Primates","Galagonidae",1,0,1,0,0,0,0,0,NA,NA,"Galago_matschiei"
"552","Galago moholi","Primates","Galagonidae",1,0,1,0,0,0,0,0,NA,NA,"Galago_moholi"
"553","Galago nyasae","Primates","Galagonidae",1,NA,1,0,0,0,0,0,NA,NA,"Galago_nyasae"
"554","Galago orinus","Primates","Galagonidae",1,NA,1,0,0,0,0,0,NA,NA,"Galago_orinus"
"555","Galago rondoensis","Primates","Galagonidae",1,NA,1,0,0,0,0,0,NA,NA,"Galago_rondoensis"
"556","Galago thomasi","Primates","Galagonidae",1,NA,1,0,0,0,0,0,NA,NA,"Galago_thomasi"
"557","Otolemur monteiri","Primates","Galagonidae",1,NA,1,0,0,0,0,0,NA,NA,"Otolemur_monteiri"
"558","Gorilla beringei","Primates","Hominidae",1,NA,1,0,0,0,0,0,NA,NA,"Gorilla_beringei"
"559","Gorilla gorilla","Primates","Hominidae",1,0,1,0,0,0,0,0,NA,NA,"Gorilla_gorilla"
"560","Homo sapiens","Primates","Hominidae",1,0,1,0,0,0,0,0,NA,NA,"Homo_sapiens"
"561","Pan paniscus","Primates","Hominidae",1,0,1,0,0,0,0,0,NA,NA,"Pan_paniscus"
"562","Pan troglodytes","Primates","Hominidae",1,0,1,0,0,0,0,0,NA,NA,"Pan_troglodytes"
"563","Pongo abelii","Primates","Hominidae",1,NA,1,0,0,0,0,0,NA,NA,"Pongo_abelii"
"564","Pongo pygmaeus","Primates","Hominidae",1,0,1,0,0,0,0,0,NA,NA,"Pongo_pygmaeus"
"565","Bunopithecus hoolock","Primates","Hylobatidae",1,0,1,0,0,0,0,0,NA,NA,"Bunopithecus_hoolock"
"566","Hylobates agilis","Primates","Hylobatidae",1,0,1,0,0,0,0,0,NA,NA,"Hylobates_agilis"
"567","Hylobates albibarbis","Primates","Hylobatidae",1,NA,1,0,0,0,0,0,NA,NA,"Hylobates_albibarbis"
"568","Hylobates concolor","Primates","Hylobatidae",1,NA,1,0,0,0,0,0,NA,NA,"Hylobates_concolor"
"569","Hylobates gabriellae","Primates","Hylobatidae",1,NA,1,0,0,0,0,0,NA,NA,"Hylobates_gabriellae"
"570","Hylobates klossii","Primates","Hylobatidae",1,0,1,0,0,0,0,0,NA,NA,"Hylobates_klossii"
"571","Hylobates lar","Primates","Hylobatidae",1,0,1,0,0,0,0,0,NA,NA,"Hylobates_lar"
"572","Hylobates leucogenys","Primates","Hylobatidae",1,NA,1,0,0,0,0,0,NA,NA,"Hylobates_leucogenys"
"573","Hylobates moloch","Primates","Hylobatidae",1,0,1,0,0,0,0,0,NA,NA,"Hylobates_moloch"
"574","Hylobates muelleri","Primates","Hylobatidae",1,0,1,0,0,0,0,0,NA,NA,"Hylobates_muelleri"
"575","Hylobates pileatus","Primates","Hylobatidae",1,0,1,0,0,0,0,0,NA,NA,"Hylobates_pileatus"
"576","Nomascus concolor","Primates","Hylobatidae",1,0,1,0,0,0,0,0,NA,NA,"Nomascus_concolor"
"577","Nomascus gabriellae","Primates","Hylobatidae",1,0,1,0,0,0,0,0,NA,NA,"Nomascus_gabriellae"
"578","Nomascus hainanus","Primates","Hylobatidae",1,NA,1,0,0,0,0,0,NA,NA,"Nomascus_hainanus"
"579","Nomascus leucogenys","Primates","Hylobatidae",1,0,1,0,0,0,0,0,NA,NA,"Nomascus_leucogenys"
"580","Nomascus siki","Primates","Hylobatidae",1,NA,1,0,0,0,0,0,NA,NA,"Nomascus_siki"
"581","Symphalangus syndactylus","Primates","Hylobatidae",1,0,1,0,0,0,0,0,NA,NA,"Symphalangus_syndactylus"
"582","Avahi laniger","Primates","Indridae",1,1,1,0,0,0,0,0,"Berlin2016June","Berlin2016June","Avahi_laniger"
"583","Avahi occidentalis","Primates","Indridae",1,NA,1,0,0,0,0,0,NA,"Espoo2016July","Avahi_occidentalis"
"584","Avahi unicolor","Primates","Indridae",1,NA,1,0,0,0,0,0,NA,"Espoo2016July","Avahi_unicolor"
"585","Indri indri","Primates","Indridae",1,1,1,0,0,0,0,0,"Berlin2016June","Berlin2016June","Indri_indri"
"586","Propithecus coquereli","Primates","Indridae",1,NA,1,1,0,0,0,0,NA,NA,"Propithecus_coquereli"
"587","Propithecus deckenii","Primates","Indridae",1,NA,1,1,0,0,0,0,NA,NA,"Propithecus_deckenii"
"588","Propithecus diadema","Primates","Indridae",1,1,1,1,0,0,0,0,NA,NA,"Propithecus_diadema"
"589","Propithecus edwardsi","Primates","Indridae",1,NA,1,1,0,0,0,0,NA,NA,"Propithecus_edwardsi"
"590","Propithecus perrieri","Primates","Indridae",1,NA,1,1,0,0,0,0,NA,NA,"Propithecus_perrieri"
"591","Propithecus tattersalli","Primates","Indridae",1,1,1,1,0,0,0,0,NA,NA,"Propithecus_tattersalli"
"592","Propithecus verreauxi","Primates","Indridae",1,1,1,1,0,0,0,0,NA,NA,"Propithecus_verreauxi"
"593","Eulemur albifrons","Primates","Lemuridae",1,NA,1,1,1,0,0,0,"Berlin2016June","Berlin2016June","Eulemur_albifrons"
"594","Eulemur albocollaris","Primates","Lemuridae",1,NA,1,1,1,0,0,0,"Berlin2016June","Berlin2016June","Eulemur_albocollaris"
"595","Eulemur cinereiceps","Primates","Lemuridae",1,NA,1,1,1,0,0,0,NA,"Espoo2016July","Eulemur_cinereiceps"
"596","Eulemur collaris","Primates","Lemuridae",1,NA,1,1,1,0,0,0,"Berlin2016June","Berlin2016June","Eulemur_collaris"
"597","Eulemur coronatus","Primates","Lemuridae",1,0,1,1,1,0,0,0,"Berlin2016June","Berlin2016June","Eulemur_coronatus"
"598","Eulemur fulvus","Primates","Lemuridae",1,0,1,1,1,0,0,0,"Berlin2016June","Berlin2016June","Eulemur_fulvus"
"599","Eulemur macaco","Primates","Lemuridae",1,0,1,1,1,0,0,0,"Berlin2016June","Berlin2016June","Eulemur_macaco"
"600","Eulemur mongoz","Primates","Lemuridae",1,0,1,1,1,0,0,0,"Berlin2016June","Berlin2016June","Eulemur_mongoz"
"601","Eulemur rubriventer","Primates","Lemuridae",1,0,1,1,1,0,0,0,"Berlin2016June","Berlin2016June","Eulemur_rubriventer"
"602","Eulemur rufus","Primates","Lemuridae",1,NA,1,1,1,0,0,0,"Berlin2016June","Berlin2016June","Eulemur_rufus"
"603","Eulemur sanfordi","Primates","Lemuridae",1,NA,1,1,1,0,0,0,NA,"Espoo2016July","Eulemur_sanfordi"
"604","Hapalemur alaotrensis","Primates","Lemuridae",1,NA,1,1,1,0,0,0,NA,"Espoo2016July","Hapalemur_alaotrensis"
"605","Hapalemur aureus","Primates","Lemuridae",1,0,1,1,1,0,0,0,"Berlin2016June","Berlin2016June","Hapalemur_aureus"
"606","Hapalemur griseus","Primates","Lemuridae",1,0,1,1,0,0,0,0,"Berlin2016June","Berlin2016June","Hapalemur_griseus"
"607","Hapalemur occidentalis","Primates","Lemuridae",1,NA,1,1,1,0,0,0,"Berlin2016June","Berlin2016June","Hapalemur_occidentalis"
"608","Lemur catta","Primates","Lemuridae",1,0,1,0,0,0,0,0,"Berlin2016June",NA,"Lemur_catta"
"609","Prolemur simus","Primates","Lemuridae",1,0,1,0,0,0,0,0,NA,NA,"Prolemur_simus"
"610","Varecia rubra","Primates","Lemuridae",1,NA,1,1,1,0,0,0,"Berlin2016June",NA,"Varecia_rubra"
"611","Varecia variegata","Primates","Lemuridae",1,1,1,1,1,0,0,0,"Berlin2016June",NA,"Varecia_variegata"
"612","Lepilemur ankaranensis","Primates","Lepilemuridae",1,NA,1,1,1,0,0,0,NA,"Espoo2016July","Lepilemur_ankaranensis"
"613","Arctocebus calabarensis","Primates","Loridae",1,0,1,0,0,0,0,0,NA,NA,"Arctocebus_calabarensis"
"614","Loris lydekkerianus","Primates","Loridae",1,NA,1,0,0,0,0,0,NA,NA,"Loris_lydekkerianus"
"615","Loris tardigradus","Primates","Loridae",1,0,1,0,0,0,0,0,NA,NA,"Loris_tardigradus"
"616","Nycticebus bengalensis","Primates","Loridae",1,NA,1,0,0,0,0,0,NA,NA,"Nycticebus_bengalensis"
"617","Nycticebus coucang","Primates","Loridae",1,0,1,0,0,0,0,0,"Berlin2016June",NA,"Nycticebus_coucang"
"618","Nycticebus pygmaeus","Primates","Loridae",1,0,1,0,0,0,0,0,"Berlin2016June",NA,"Nycticebus_pygmaeus"
"619","Arctocebus aureus","Primates","Lorisidae",1,0,1,0,0,0,0,0,NA,NA,"Arctocebus_aureus"
"620","Perodicticus potto","Primates","Lorisidae",1,0,1,0,0,0,0,0,NA,NA,"Perodicticus_potto"
"621","Lepilemur dorsalis","Primates","Megaladapidae",1,1,1,1,1,0,0,0,NA,"Espoo2016July","Lepilemur_dorsalis"
"622","Lepilemur edwardsi","Primates","Megaladapidae",1,1,1,1,1,0,0,0,NA,"Espoo2016July","Lepilemur_edwardsi"
"623","Lepilemur leucopus","Primates","Megaladapidae",1,1,1,1,1,0,0,0,"Berlin2016June","Berlin2016June","Lepilemur_leucopus"
"624","Lepilemur microdon","Primates","Megaladapidae",1,1,1,1,1,0,0,0,NA,"Espoo2016July","Lepilemur_microdon"
"625","Lepilemur mustelinus","Primates","Megaladapidae",1,1,1,1,1,0,0,0,"Berlin2016June","Berlin2016June","Lepilemur_mustelinus"
"626","Lepilemur ruficaudatus","Primates","Megaladapidae",1,1,1,1,1,0,0,0,"Berlin2016June","Berlin2016June","Lepilemur_ruficaudatus"
"627","Lepilemur septentrionalis","Primates","Megaladapidae",1,1,1,1,1,0,0,0,NA,"Espoo2016July","Lepilemur_septentrionalis"
"628","Callicebus bernhardi","Primates","Pitheciidae",1,NA,1,0,0,0,0,0,NA,NA,"Callicebus_bernhardi"
"629","Callicebus caligatus","Primates","Pitheciidae",1,0,1,0,0,0,0,0,NA,NA,"Callicebus_caligatus"
"630","Callicebus discolor","Primates","Pitheciidae",1,NA,1,0,0,0,0,0,NA,NA,"Callicebus_discolor"
"631","Callicebus dubius","Primates","Pitheciidae",1,0,1,0,0,0,0,0,NA,NA,"Callicebus_dubius"
"632","Callicebus lucifer","Primates","Pitheciidae",1,NA,1,0,0,0,0,0,NA,NA,"Callicebus_lucifer"
"633","Callicebus lugens","Primates","Pitheciidae",1,NA,1,0,0,0,0,0,NA,NA,"Callicebus_lugens"
"634","Callicebus pallescens","Primates","Pitheciidae",1,NA,1,0,0,0,0,0,NA,NA,"Callicebus_pallescens"
"635","Callicebus purinus","Primates","Pitheciidae",1,NA,1,0,0,0,0,0,NA,NA,"Callicebus_purinus"
"636","Callicebus regulus","Primates","Pitheciidae",1,NA,1,0,0,0,0,0,NA,NA,"Callicebus_regulus"
"637","Callicebus stephennashi","Primates","Pitheciidae",1,NA,1,0,0,0,0,0,NA,NA,"Callicebus_stephennashi"
"638","Chiropotes chiropotes","Primates","Pitheciidae",1,NA,1,0,0,0,0,0,NA,NA,"Chiropotes_chiropotes"
"639","Chiropotes israelita","Primates","Pitheciidae",1,NA,1,0,0,0,0,0,NA,NA,"Chiropotes_israelita"
"640","Chiropotes utahickae","Primates","Pitheciidae",1,NA,1,0,0,0,0,0,NA,NA,"Chiropotes_utahickae"
"641","Tarsius bancanus","Primates","Tarsiidae",1,0,1,0,0,0,0,0,NA,NA,"Tarsius_bancanus"
"642","Tarsius dentatus","Primates","Tarsiidae",1,0,1,0,0,0,0,0,NA,NA,"Tarsius_dentatus"
"643","Tarsius pelengensis","Primates","Tarsiidae",1,NA,1,0,0,0,0,0,NA,NA,"Tarsius_pelengensis"
"644","Tarsius pumilus","Primates","Tarsiidae",1,0,1,0,0,0,0,0,NA,NA,"Tarsius_pumilus"
"645","Tarsius sangirensis","Primates","Tarsiidae",1,NA,1,0,0,0,0,0,NA,NA,"Tarsius_sangirensis"
"646","Tarsius syrichta","Primates","Tarsiidae",1,0,1,0,0,0,0,0,NA,NA,"Tarsius_syrichta"
"647","Tarsius tarsier","Primates","Tarsiidae",1,0,1,0,0,0,0,0,NA,NA,"Tarsius_tarsier"
"648","Elephas maximus","Proboscidea","Elephantidae",3,0,3,0,1,0,1,1,NA,NA,"Elephas_maximus"
"649","Loxodonta africana","Proboscidea","Elephantidae",3,0,3,0,1,0,1,1,NA,NA,"Loxodonta_africana"
"650","Loxodonta cyclotis","Proboscidea","Elephantidae",3,NA,3,0,1,0,1,1,NA,NA,"Loxodonta_cyclotis"
